{"stats":{"minecraft:used":{"minecraft:wooden_axe":4},"minecraft:custom":{"minecraft:time_since_rest":16299,"minecraft:open_chest":9,"minecraft:deaths":1,"minecraft:crouch_one_cm":43,"minecraft:play_time":52312,"minecraft:sprint_one_cm":131442,"minecraft:damage_taken":260,"minecraft:walk_one_cm":53294,"minecraft:sneak_time":182,"minecraft:walk_under_water_one_cm":5952,"minecraft:jump":830,"minecraft:damage_dealt":300,"minecraft:leave_game":3,"minecraft:walk_on_water_one_cm":2222,"minecraft:time_since_death":16275,"minecraft:climb_one_cm":3465,"minecraft:total_world_time":52312,"minecraft:play_noteblock":7,"minecraft:swim_one_cm":466,"minecraft:fall_one_cm":66172,"minecraft:tune_noteblock":8,"minecraft:fly_one_cm":236515,"minecraft:player_kills":1},"minecraft:killed_by":{"minecraft:player":1},"minecraft:picked_up":{"minecraft:iron_axe":1,"minecraft:chainmail_boots":1,"minecraft:cooked_beef":1,"minecraft:leather_leggings":1,"minecraft:wheat_seeds":5,"minecraft:cooked_chicken":1},"minecraft:mined":{"minecraft:grass":15}},"DataVersion":3463}