{"stats":{"minecraft:custom":{"minecraft:jump":202,"minecraft:open_chest":2,"minecraft:time_since_rest":24124,"minecraft:deaths":1,"minecraft:damage_taken":295,"minecraft:crouch_one_cm":580,"minecraft:leave_game":2,"minecraft:sprint_one_cm":35666,"minecraft:play_time":32316,"minecraft:time_since_death":24048,"minecraft:walk_on_water_one_cm":3643,"minecraft:walk_one_cm":35249,"minecraft:sneak_time":153,"minecraft:total_world_time":32316,"minecraft:walk_under_water_one_cm":3058,"minecraft:fall_one_cm":8670,"minecraft:fly_one_cm":34845},"minecraft:killed_by":{"minecraft:player":1}},"DataVersion":3463}