{"stats":{"minecraft:used":{"minecraft:golden_boots":1,"minecraft:stone_sword":6,"minecraft:chest":3,"minecraft:leather_chestplate":1,"minecraft:iron_sword":2,"minecraft:chainmail_helmet":1,"minecraft:leather_boots":2,"minecraft:player_head":3,"minecraft:golden_leggings":1,"minecraft:cooked_chicken":2,"minecraft:golden_helmet":1,"minecraft:oak_leaves":22,"minecraft:white_wool":10,"minecraft:golden_apple":1,"minecraft:golden_sword":12,"minecraft:bow":2,"minecraft:oak_sapling":1,"minecraft:cooked_cod":1,"minecraft:chainmail_chestplate":1,"minecraft:cod":2,"minecraft:cooked_beef":1,"minecraft:golden_chestplate":2,"minecraft:iron_leggings":1},"minecraft:custom":{"minecraft:time_since_rest":420290,"minecraft:sprint_one_cm":301227,"minecraft:damage_taken":1052,"minecraft:walk_one_cm":213984,"minecraft:drop":1,"minecraft:damage_dealt":476,"minecraft:damage_dealt_absorbed":8,"minecraft:swim_one_cm":18394,"minecraft:fly_one_cm":863454,"minecraft:player_kills":2,"minecraft:open_chest":151,"minecraft:crouch_one_cm":2100,"minecraft:play_time":623659,"minecraft:deaths":3,"minecraft:sneak_time":1089,"minecraft:walk_under_water_one_cm":4891,"minecraft:jump":2451,"minecraft:leave_game":22,"minecraft:time_since_death":420237,"minecraft:walk_on_water_one_cm":7023,"minecraft:climb_one_cm":7933,"minecraft:total_world_time":623659,"minecraft:fall_one_cm":56109},"minecraft:dropped":{"minecraft:leather_boots":1},"minecraft:killed_by":{"minecraft:player":3},"minecraft:picked_up":{"minecraft:golden_helmet":1,"minecraft:stick":1,"minecraft:leather_leggings":1,"minecraft:golden_leggings":1,"minecraft:chainmail_chestplate":1,"minecraft:stone_sword":2,"minecraft:diamond":1,"minecraft:bread":1,"minecraft:oak_sapling":1},"minecraft:mined":{"minecraft:grass":1,"minecraft:oak_leaves":26}},"DataVersion":3463}