{"stats":{"minecraft:used":{"minecraft:golden_boots":1,"minecraft:leather_leggings":2,"minecraft:stone_sword":9,"minecraft:iron_axe":2,"minecraft:shield":3,"minecraft:chainmail_helmet":1,"minecraft:golden_helmet":1,"minecraft:golden_leggings":1,"minecraft:stone_axe":4,"minecraft:iron_chestplate":1,"minecraft:golden_apple":1,"minecraft:wooden_sword":7,"minecraft:chainmail_boots":1,"minecraft:cod":1},"minecraft:custom":{"minecraft:time_since_rest":10247,"minecraft:damage_absorbed":8,"minecraft:sprint_one_cm":102172,"minecraft:damage_taken":763,"minecraft:walk_one_cm":89996,"minecraft:drop":10,"minecraft:damage_dealt":975,"minecraft:swim_one_cm":5430,"minecraft:fly_one_cm":176113,"minecraft:player_kills":4,"minecraft:open_chest":32,"minecraft:crouch_one_cm":909,"minecraft:play_time":106154,"minecraft:deaths":2,"minecraft:sneak_time":405,"minecraft:walk_under_water_one_cm":797,"minecraft:jump":720,"minecraft:leave_game":6,"minecraft:time_since_death":10217,"minecraft:walk_on_water_one_cm":4091,"minecraft:climb_one_cm":5219,"minecraft:total_world_time":106154,"minecraft:fall_one_cm":66841},"minecraft:dropped":{"minecraft:stone_sword":3,"minecraft:diamond":2,"minecraft:golden_leggings":2,"minecraft:bow":1,"minecraft:chainmail_chestplate":2},"minecraft:killed_by":{"minecraft:player":2},"minecraft:picked_up":{"minecraft:wooden_axe":1,"minecraft:golden_helmet":1,"minecraft:cooked_beef":7,"minecraft:iron_chestplate":1,"minecraft:leather_chestplate":1,"minecraft:chainmail_boots":2,"minecraft:leather_leggings":2,"minecraft:golden_leggings":2,"minecraft:chainmail_chestplate":2,"minecraft:golden_boots":2,"minecraft:golden_sword":1,"minecraft:golden_chestplate":1,"minecraft:leather_helmet":1,"minecraft:iron_axe":1,"minecraft:wooden_sword":1,"minecraft:leather_boots":1,"minecraft:stone_sword":2,"minecraft:arrow":1,"minecraft:diamond":2,"minecraft:bow":3,"minecraft:chainmail_leggings":1,"minecraft:iron_ingot":1,"minecraft:cooked_chicken":1,"minecraft:bread":1,"minecraft:iron_sword":1},"minecraft:mined":{"minecraft:grass":4,"minecraft:oak_leaves":3}},"DataVersion":3463}